test,result,note
test-net-access-byteswritten.js,PASS,""
test-net-after-close.js,PASS,""
test-net-autoselectfamily-attempt-timeout-default-value.js,PASS,""
test-net-autoselectfamily-default.js,TIMEOUT,""
test-net-autoselectfamily-ipv4first.js,PASS,""
test-net-better-error-messages-listen-path.js,FAIL,"src/milo/lib/assert.js:391"
test-net-better-error-messages-listen.js,FAIL,"src/milo/lib/assert.js:391"
test-net-better-error-messages-path.js,FAIL,"    if (isPipe) { const e = new Error('Pipe/Unix sockets not yet implemented'); e.code = 'ERR_FEATURE_UNAVAILABLE_ON_PLA"
test-net-better-error-messages-port-hostname.js,TIMEOUT,""
test-net-bind-twice.js,PASS,""
test-net-blocklist.js,FAIL,"      const e = new Error(`connect ${code} ${this.remoteAddress}:${this.remotePort}`);"
test-net-buffersize.js,FAIL,"src/milo/lib/assert.js:391"
test-net-bytes-written-large.js,TIMEOUT,""
test-net-can-reset-timeout.js,PASS,""
test-net-child-process-connect-reset.js,FAIL,"    const err = new Error('spawn ' + file + ' ENOENT');"
test-net-connect-abort-controller.js,TIMEOUT,""
test-net-connect-after-destroy.js,PASS,""
test-net-connect-buffer.js,FAIL,"src/milo/lib/assert.js:391"
test-net-connect-buffer2.js,FAIL,"src/milo/lib/assert.js:391"
test-net-connect-call-socket-connect.js,PASS,""
test-net-connect-destroy.js,PASS,""
test-net-connect-immediate-destroy.js,PASS,""
test-net-connect-immediate-finish.js,FAIL,"src/milo/lib/assert.js:391"
test-net-connect-keepalive.js,FAIL,""
test-net-connect-no-arg.js,PASS,""
test-net-connect-nodelay.js,FAIL,""
test-net-connect-options-invalid.js,PASS,""
test-net-connect-options-ipv6.js,FAIL,"src/milo/lib/assert.js:391"
test-net-connect-options-path.js,FAIL,"      const e = new Error('Pipe/Unix sockets not yet implemented');"
test-net-connect-options-port.js,TIMEOUT,""
test-net-connect-reset-before-connected.js,PASS,""
test-net-connect-reset.js,FAIL,"    at Proxy.expectsError (test/common/index.js:732:10)"
test-net-dns-custom-lookup.js,FAIL,"src/milo/lib/assert.js:810"
test-net-dns-error.js,FAIL,"      const e = new Error(`connect ${code} ${this.remoteAddress}:${this.remotePort}`);"
test-net-dns-lookup-skip.js,PASS,""
test-net-dns-lookup.js,FAIL,""
test-net-during-close.js,PASS,""
test-net-eaddrinuse.js,PASS,""
test-net-end-without-connect.js,PASS,""
test-net-isip.js,PASS,""
test-net-isipv4.js,PASS,""
test-net-isipv6.js,PASS,""
test-net-keepalive.js,PASS,""
test-net-listen-after-destroying-stdin.js,PASS,""
test-net-listen-close-server-callback-is-not-function.js,FAIL,"src/milo/lib/assert.js:391"
test-net-listen-close-server.js,FAIL,"src/milo/lib/assert.js:391"
test-net-listen-error.js,PASS,""
test-net-listen-exclusive-random-ports.js,FAIL,"    process.nextTick(() => child.emit('error', new Error('fork ' + modulePath + ' failed')));"
test-net-listen-fd0.js,TIMEOUT,""
test-net-listen-handle-in-cluster-1.js,FAIL,"    process.nextTick(() => child.emit('error', new Error('fork ' + modulePath + ' failed')));"
test-net-listen-invalid-port.js,FAIL,"src/milo/lib/assert.js:391"
test-net-listen-ipv6only.js,FAIL,"<unknown>:14785: Uncaught AssertionError: function should not have been called at :563"
test-net-listening.js,PASS,""
test-net-local-address-port.js,PASS,""
test-net-localerror.js,FAIL,"test/parallel/test-net-localerror.js:28"
test-net-options-lookup.js,FAIL,"  assert.throws(() => {"
test-net-persistent-keepalive.js,PASS,""
test-net-reconnect.js,FAIL,"  errorEmitted: false,"
test-net-remote-address-port.js,FAIL,"src/milo/lib/assert.js:391"
test-net-remote-address.js,FAIL,"src/milo/lib/assert.js:391"
test-net-reuseport.js,FAIL,"      const err = new Error('bind EADDRINUSE 0.0.0.0:' + port);"
test-net-server-blocklist.js,FAIL,"<unknown>:14785: Uncaught AssertionError: function should not have been called at :563"
test-net-server-call-listen-multiple-times.js,FAIL,"  assert.throws(() => server.listen(), {"
test-net-server-capture-rejection.js,FAIL,"  const _err = new Error('kaboom');"
test-net-server-close-before-calling-lookup-callback.js,FAIL,"src/milo/lib/assert.js:391"
test-net-server-close-before-ipc-response.js,FAIL,"    process.nextTick(() => child.emit('error', new Error('fork ' + modulePath + ' failed')));"
test-net-server-close.js,PASS,""
test-net-server-drop-connections.js,FAIL,"<unknown>:14785: Uncaught AssertionError: function should not have been called at :563"
test-net-server-listen-options-signal.js,FAIL,"  assert.throws("
test-net-server-listen-remove-callback.js,PASS,""
test-net-server-max-connections-close-makes-more-available.js,TIMEOUT,""
test-net-server-max-connections.js,TIMEOUT,""
test-net-server-options.js,PASS,""
test-net-server-pause-on-connect.js,FAIL,"src/milo/lib/assert.js:391"
test-net-server-try-ports.js,PASS,""
test-net-server-unref-persistent.js,PASS,""
test-net-server-unref.js,PASS,""
test-net-settimeout.js,PASS,""
test-net-socket-byteswritten.js,FAIL,"src/milo/lib/assert.js:391"
test-net-socket-close-after-end.js,OOM,"512MB limit exceeded"
test-net-socket-connect-invalid-autoselectfamily.js,FAIL,"assert.throws(() => {"
test-net-socket-connect-invalid-autoselectfamilyattempttimeout.js,FAIL,"  assert.throws(() => {"
test-net-socket-connect-without-cb.js,PASS,""
test-net-socket-connecting.js,PASS,""
test-net-socket-constructor.js,FAIL,"    process.nextTick(() => child.emit('error', new Error('fork ' + modulePath + ' failed')));"
test-net-socket-destroy-send.js,PASS,""
test-net-socket-destroy-twice.js,PASS,""
test-net-socket-end-before-connect.js,FAIL,"      const e = new Error(`connect ${code} ${this.remoteAddress}:${this.remotePort}`);"
test-net-socket-end-callback.js,PASS,""
test-net-socket-local-address.js,OOM,"512MB limit exceeded"
test-net-socket-no-halfopen-enforcer.js,FAIL,"src/milo/lib/assert.js:391"
test-net-socket-ready-without-cb.js,FAIL,""
test-net-socket-reset-twice.js,PASS,""
test-net-socket-timeout-unref.js,FAIL,"          throw new Error('socket timed out unexpectedly');"
test-net-socket-timeout.js,FAIL,"src/milo/lib/assert.js:391"
test-net-socket-write-error.js,PASS,""
test-net-sync-cork.js,PASS,""
test-net-throttle.js,TIMEOUT,""
test-net-timeout-no-handle.js,PASS,""
test-net-writable.js,OOM,"512MB limit exceeded"
test-net-write-arguments.js,PASS,""
test-net-write-cb-on-destroy-before-connect.js,FAIL,"    assert.strictEqual(Object.prototype.propertyIsEnumerable.call(error, 'message'), false);"
test-net-write-connect-write.js,PASS,""
test-net-write-fully-async-buffer.js,TIMEOUT,""
test-net-write-fully-async-hex-string.js,TIMEOUT,""
test-net-write-slow.js,TIMEOUT,""
